{
  "project_info": {
    "project_number": "549058921202",
    "firebase_url": "https://my-demo-61f15.firebaseio.com",
    "project_id": "my-demo-61f15",
    "storage_bucket": "my-demo-61f15.appspot.com"
  },
  "client": [
    {
      "client_info": {
        "mobilesdk_app_id": "1:549058921202:android:9f05cb1b2b550eb9c0466b",
        "android_client_info": {
          "package_name": "com.phanhle.firebaseauthentication"
        }
      },
      "oauth_client": [
        {
          "client_id": "549058921202-gv5n40k5knpk2up8v74r0nbtter92v23.apps.googleusercontent.com",
          "client_type": 1,
          "android_info": {
            "package_name": "com.phanhle.firebaseauthentication",
            "certificate_hash": "91621af002fb73a729e2ed29558ebcc6991a99bc"
          }
        },
        {
          "client_id": "549058921202-amagr61sq7vhs85tjp329obnmmpl0k8f.apps.googleusercontent.com",
          "client_type": 3
        }
      ],
      "api_key": [
        {
          "current_key": "AIzaSyA7lnjQZU7bEDJrbzc0J3wvp5pAILTQoPI"
        }
      ],
      "services": {
        "appinvite_service": {
          "other_platform_oauth_client": [
            {
              "client_id": "549058921202-amagr61sq7vhs85tjp329obnmmpl0k8f.apps.googleusercontent.com",
              "client_type": 3
            }
          ]
        }
      }
    },
    {
      "client_info": {
        "mobilesdk_app_id": "1:549058921202:android:67bfd8fafd84a7e7c0466b",
        "android_client_info": {
          "package_name": "com.phanhle.lecture5_2"
        }
      },
      "oauth_client": [
        {
          "client_id": "549058921202-lon3miqrqngl9cb84nka78n1blnnadl1.apps.googleusercontent.com",
          "client_type": 1,
          "android_info": {
            "package_name": "com.phanhle.lecture5_2",
            "certificate_hash": "91621af002fb73a729e2ed29558ebcc6991a99bc"
          }
        },
        {
          "client_id": "549058921202-amagr61sq7vhs85tjp329obnmmpl0k8f.apps.googleusercontent.com",
          "client_type": 3
        }
      ],
      "api_key": [
        {
          "current_key": "AIzaSyA7lnjQZU7bEDJrbzc0J3wvp5pAILTQoPI"
        }
      ],
      "services": {
        "appinvite_service": {
          "other_platform_oauth_client": [
            {
              "client_id": "549058921202-amagr61sq7vhs85tjp329obnmmpl0k8f.apps.googleusercontent.com",
              "client_type": 3
            }
          ]
        }
      }
    }
  ],
  "configuration_version": "1"
}